<?xml version="1.0" encoding="UTF-8"?>
<!DOCTYPE fontscolors PUBLIC "-//NetBeans//DTD Editor Fonts and Colors settings 1.1//EN" "http://www.netbeans.org/dtds/EditorFontsColors-1_1.dtd">
<fontscolors>
    <fontcolor default="keyword" foreColor="cyan" name="Stepkeyword">
        <font style="italic"/>
    </fontcolor>
    <fontcolor foreColor="lightGray" name="Text">
        <font style="plain"/>
    </fontcolor>
    <fontcolor default="comment" foreColor="white" name="comment">
        <font style="italic"/>
    </fontcolor>
</fontscolors>
